Workbook

Sheet Лист1
A1: 28.82 | B1: 11.18 | C1: 0.0006481 | D1: -30 | E1: 8 | F1: 30 | G1: 0.228 | H1: 179.779 | I1: 0.928 | J1: 0.399 | K1: 2.348 | L1: 12.196 | M1: 10.157 | N1: 2575.3 | O1: 0.37 | P1: 813.41 | Q1: 4.326 | R1: 10 | S1: 10 | T1: 1.598 | U1: 3.502 | V1: 0.44
A2: 14.41 | B2: 15.59 | C2: 0.0005636 | D2: -30 | E2: 8 | F2: 30 | G2: 0.219 | H2: 162.539 | I2: 0.839 | J2: 0.407 | K2: 2.169 | L2: 12.982 | M2: 9.484 | N2: 2331.87 | O2: 0.385 | P2: 744.97 | Q2: 4.372 | R2: 10 | S2: 10 | T2: 1.563 | U2: 3.262 | V2: 0.407
A3: 16.08 | B3: 13.92 | C3: 0.0004791 | D3: -30 | E3: 8 | F3: 30 | G3: 0.216 | H3: 140.319 | I3: 0.725 | J3: 0.416 | K3: 1.983 | L3: 13.92 | M3: 8.73 | N3: 2072.7 | O3: 0.391 | P3: 666.32 | Q3: 4.402 | R3: 10 | S3: 10 | T3: 1.952 | U3: 3.008 | V3: 0.368
A4: 9.06 | B4: 10.94 | C4: 0.0006481 | D4: -20 | E4: 8 | F4: 30 | G4: 0.224 | H4: 182.748 | I4: 0.944 | J4: 0.4 | K4: 2.121 | L4: 8.178 | M4: 9.168 | N4: 2432.2 | O4: 0.376 | P4: 805.16 | Q4: 4.323 | R4: 10 | S4: 20 | T4: 1.293 | U4: 3.475 | V4: 0.419
A5: 9.51 | B5: 10.49 | C5: 0.0005636 | D5: -20 | E5: 8 | F5: 30 | G5: 0.219 | H5: 162.656 | I5: 0.84 | J5: 0.408 | K5: 1.967 | L5: 8.706 | M5: 8.574 | N5: 2201.64 | O5: 0.385 | P5: 732.7 | Q5: 4.359 | R5: 10 | S5: 20 | T5: 1.572 | U5: 3.283 | V5: 0.38
A6: 9.84 | B6: 10.16 | C6: 0.0004791 | D6: -20 | E6: 8 | F6: 30 | G6: 0.214 | H6: 141.466 | I6: 0.731 | J6: 0.416 | K6: 1.811 | L6: 9.291 | M6: 7.965 | N6: 1973.87 | O6: 0.394 | P6: 663.28 | Q6: 4.398 | R6: 10 | S6: 20 | T6: 1.956 | U6: 2.989 | V6: 0.341
A7: 6.61 | B7: 13.39 | C7: 0.0006481 | D7: -10 | E7: 8 | F7: 30 | G7: 0.226 | H7: 181.053 | I7: 0.935 | J7: 0.399 | K7: 1.798 | L7: 5.597 | M7: 7.749 | N7: 2294.6 | O7: 0.373 | P7: 811.27 | Q7: 4.31 | R7: 10 | S7: 30 | T7: 1.289 | U7: 3.464 | V7: 0.341
A8: 7.43 | B8: 12.57 | C8: 0.0005636 | D8: -10 | E8: 8 | F8: 30 | G8: 0.221 | H8: 160.839 | I8: 0.831 | J8: 0.408 | K8: 1.676 | L8: 5.952 | M8: 7.288 | N8: 2079.1 | O8: 0.381 | P8: 738.72 | Q8: 3.348 | R8: 10 | S8: 30 | T8: 1.567 | U8: 3.23 | V8: 0.302
A9: 7.84 | B9: 12.16 | C9: 0.0004791 | D9: -10 | E9: 8 | F9: 30 | G9: 0.217 | H9: 139.606 | I9: 0.721 | J9: 0.416 | K9: 1.555 | L9: 6.343 | M9: 6.82 | N9: 1866.37 | O9: 0.389 | P9: 669.09 | Q9: 4.386 | R9: 10 | S9: 20 | T9: 1.948 | U9: 2.983 | V9: 0.262
A10: 13.39 | B10: 12.61 | C10: 0.0006481 | D10: -26 | E10: 12 | F10: 30 | G10: 0.224 | H10: 182.934 | I10: 0.944 | J10: 0.412 | K10: 2.278 | L10: 12.329 | M10: 9.985 | N10: 2428.5 | O10: 0.377 | P10: 792.68 | Q10: 4.383 | R10: 10 | S10: 20 | T10: 1.386 | U10: 3.848 | V10: 0.443
A11: 14.24 | B11: 11.76 | C11: 0.0005636 | D11: -26 | E11: 12 | F11: 30 | G11: 0.219 | H11: 162.659 | I11: 0.84 | J11: 0.418 | K11: 2.108 | L11: 12.935 | M11: 9.296 | N11: 2210.5 | O11: 0.385 | P11: 724.54 | Q11: 4.409 | R11: 10 | S11: 20 | T11: 1.662 | U11: 3.577 | V11: 0.407
A12: 14.94 | B12: 11.06 | C12: 0.0004791 | D12: -26 | E12: 12 | F12: 30 | G12: 0.214 | H12: 141.339 | I12: 0.729 | J12: 0.424 | K12: 1.936 | L12: 13.573 | M12: 8.594 | N12: 1994.61 | O12: 0.394 | P12: 658.61 | Q12: 4.438 | R12: 10 | S12: 20 | T12: 2.04 | U12: 3.293 | V12: 0.366
... A79: 7.64 | B79: 24.36 | C79: 0.0005636 | D79: -2 | E79: 16 | F79: 0 | G79: 0.223 | H79: 159.722 | I79: 0.825 | J79: 0.463 | K79: 1.51 | L79: 6.162 | M79: 6.616 | N79: 1914.3 | O79: 0.378 | P79: 696.77 | Q79: 4.381 | R79: 20 | S79: 30 | T79: 1.735 | U79: 3.831 | V79: 0.245

Sheet List2
A1: =Лист1!G1 -> 0.228 | B1: =Лист1!C1 -> 0.0006481 | C1: =Лист1!D1 -> -30 | D1: =Лист1!E1 -> 8 | E1: =Лист1!F1 -> 30
A2: =Лист1!G2 -> 0.219 | B2: =Лист1!C2 -> 0.0005636 | C2: =Лист1!D2 -> -30 | D2: =Лист1!E2 -> 8 | E2: =Лист1!F2 -> 30
A3: =Лист1!G3 -> 0.216 | B3: =Лист1!C3 -> 0.0004791 | C3: =Лист1!D3 -> -30 | D3: =Лист1!E3 -> 8 | E3: =Лист1!F3 -> 30
A4: =Лист1!G4 -> 0.224 | B4: =Лист1!C4 -> 0.0006481 | C4: =Лист1!D4 -> -20 | D4: =Лист1!E4 -> 8 | E4: =Лист1!F4 -> 30
A5: =Лист1!G5 -> 0.219 | B5: =Лист1!C5 -> 0.0005636 | C5: =Лист1!D5 -> -20 | D5: =Лист1!E5 -> 8 | E5: =Лист1!F5 -> 30
A6: =Лист1!G6 -> 0.214 | B6: =Лист1!C6 -> 0.0004791 | C6: =Лист1!D6 -> -20 | D6: =Лист1!E6 -> 8 | E6: =Лист1!F6 -> 30
A7: =Лист1!G7 -> 0.226 | B7: =Лист1!C7 -> 0.0006481 | C7: =Лист1!D7 -> -10 | D7: =Лист1!E7 -> 8 | E7: =Лист1!F7 -> 30
A8: =Лист1!G8 -> 0.221 | B8: =Лист1!C8 -> 0.0005636 | C8: =Лист1!D8 -> -10 | D8: =Лист1!E8 -> 8 | E8: =Лист1!F8 -> 30
A9: =Лист1!G9 -> 0.217 | B9: =Лист1!C9 -> 0.0004791 | C9: =Лист1!D9 -> -10 | D9: =Лист1!E9 -> 8 | E9: =Лист1!F9 -> 30
A10: =Лист1!G10 -> 0.224 | B10: =Лист1!C10 -> 0.0006481 | C10: =Лист1!D10 -> -26 | D10: =Лист1!E10 -> 12 | E10: =Лист1!F10 -> 30
A11: =Лист1!G11 -> 0.219 | B11: =Лист1!C11 -> 0.0005636 | C11: =Лист1!D11 -> -26 | D11: =Лист1!E11 -> 12 | E11: =Лист1!F11 -> 30
A12: =Лист1!G12 -> 0.214 | B12: =Лист1!C12 -> 0.0004791 | C12: =Лист1!D12 -> -26 | D12: =Лист1!E12 -> 12 | E12: =Лист1!F12 -> 30
... A79: =Лист1!G79 -> 0.223 | B79: =Лист1!C79 -> 0.0005636 | C79: =Лист1!D79 -> -2 | D79: =Лист1!E79 -> 16 | E79: =Лист1!F79 -> 0

Sheet Лист3
